airline_code,status,number_of_flights
3F,Canceled,2
3T,Expected,2
3U,Expected,13
3U,Departed,2
3U,Arrived,1
3U,Boarding,1
4Y,Expected,5
4Y,CheckIn,1
6B,Expected,2
6E,Expected,26
6E,Departed,2
6E,Boarding,2
6E,Arrived,1
6H,Expected,2
,Expected,83
A3,Expected,25
A3,Delayed,5
A3,Boarding,3
A3,Arrived,3
A3,GateClosed,1
A3,Departed,3
A3,CheckIn,1
A9,Expected,2
AA,Expected,170
AA,Arrived,29
AA,Boarding,19
AA,Departed,39
AA,Unknown,1
AA,Delayed,87
AA,Canceled,37
AA,GateClosed,4
AC,Expected,57
AC,Departed,12
AC,Arrived,16
AC,Boarding,12
AC,Delayed,9
AC,GateClosed,1
AD,Expected,8
AD,Departed,1
AF,Expected,29
AF,Canceled,4
AF,Arrived,7
AF,Departed,10
AF,Boarding,1
AF,GateClosed,1
AF,Delayed,1
AH,Expected,3
AI,Arrived,3
AI,Boarding,2
AI,Delayed,4
AI,Expected,35
AI,Departed,4
AM,Canceled,3
AM,Expected,13
AM,Delayed,2
AR,Departed,1
AR,Expected,2
AS,Expected,48
AS,Unknown,9
AS,Departed,9
AS,Canceled,3
AS,Boarding,2
AS,Arrived,5
AS,Delayed,6
AT,Arrived,1
AT,GateClosed,1
AT,Delayed,7
AT,Expected,12
AT,Canceled,2
AV,Expected,23
AV,Arrived,1
AY,Departed,18
AY,Expected,71
AY,Delayed,12
AY,Arrived,14
AY,Boarding,8
AY,Canceled,8
AY,GateClosed,3
AZ,Departed,1
AZ,Expected,2
B6,Expected,7
B6,Departed,4
B6,Canceled,2
B6,Delayed,7
B6,Boarding,2
BA,Expected,314
BA,Delayed,107
BA,Departed,53
BA,Canceled,52
BA,Boarding,24
BA,Arrived,33
BA,GateClosed,8
BG,Expected,5
BI,Expected,2
BR,Expected,13
BR,Departed,2
BR,Arrived,1
BR,Boarding,1
BT,Departed,1
BT,Expected,1
BY,Expected,4
BY,Arrived,1
BY,Boarding,1
BY,Departed,1
CA,Expected,14
CA,Arrived,1
CI,Expected,8
CI,Arrived,1
,Departed,9
CX,Expected,22
CX,Departed,3
CX,Delayed,9
CX,GateClosed,1
CX,Canceled,5
CX,Boarding,1
CX,Arrived,1
CY,Expected,7
CY,Departed,1
CY,Arrived,1
CY,CheckIn,2
CZ,Expected,10
CZ,Boarding,1
CZ,Delayed,5
CZ,Canceled,1
D7,Expected,2
D8,Expected,2
DE,Expected,2
DH,Departed,1
DL,Expected,50
DL,Unknown,1
DL,Departed,14
DL,Boarding,2
DL,Arrived,9
DL,GateClosed,1
DL,Delayed,5
DL,Canceled,3
DS,Expected,2
DY,Expected,5
E2,Expected,5
E4,Expected,6
E4,Arrived,2
E4,Departed,1
E5,Departed,1
EC,Expected,8
EC,Arrived,1
EC,Departed,1
EI,Arrived,14
EI,Boarding,6
EI,Expected,63
EI,Delayed,8
EI,Departed,11
EI,Canceled,7
EI,GateClosed,4
EK,Arrived,1
EK,Expected,16
EK,Boarding,1
EK,Delayed,2
ET,Arrived,2
ET,Expected,3
ET,Departed,1
,Arrived,5
ET,GateClosed,1
EW,Departed,1
EW,Expected,10
EW,Arrived,1
EW,Delayed,1
EY,Expected,17
EY,Delayed,1
EY,Departed,2
EY,Boarding,1
EY,Arrived,1
F3,Arrived,7
F3,Departed,5
F3,Expected,45
F3,CheckIn,3
F3,Boarding,3
FB,Departed,1
FI,Delayed,2
FI,Expected,10
FI,Boarding,1
FJ,Arrived,1
FJ,Expected,6
FJ,Departed,1
FR,Arrived,4
FR,Approaching,1
FR,Expected,11
FR,GateClosed,3
FR,Departed,1
FY,Expected,2
FY,Boarding,1
FZ,Expected,4
G3,Expected,6
G3,Canceled,2
G9,Expected,1
G9,CheckIn,1
GA,Expected,12
GA,Boarding,1
GA,Arrived,3
GF,Departed,5
GF,Expected,13
GF,CheckIn,1
GF,Arrived,3
GF,Boarding,1
GL,Canceled,1
GL,Expected,6
GQ,Expected,3
GS,Expected,2
HV,Expected,2
HV,Departed,1
I2,Departed,1
I2,Expected,1
IB,Departed,23
IB,Expected,127
IB,Canceled,12
IB,Boarding,10
IB,Delayed,21
IB,Arrived,17
IB,GateClosed,2
IX,Departed,1
IY,Expected,2
IZ,Expected,2
J2,Expected,2
J4,Arrived,1
J4,CheckIn,1
J4,Expected,3
J5,Unknown,12
J5,Expected,14
J9,Arrived,2
J9,Departed,1
J9,Boarding,1
JL,Expected,9
,Canceled,17
,Delayed,30
JL,Departed,3
JL,Boarding,1
JL,Delayed,4
,Boarding,3
JT,Arrived,1
JT,CheckIn,1
JT,Expected,2
JU,Delayed,2
JU,Expected,4
KC,Expected,2
KE,Expected,5
KE,Boarding,1
KL,Arrived,8
KL,Boarding,2
KL,Expected,33
KL,Departed,10
KL,Delayed,1
KL,Canceled,1
KL,GateClosed,1
KM,Departed,2
KM,Expected,4
KQ,Expected,9
KQ,Arrived,1
KQ,Boarding,1
KQ,Canceled,4
KQ,Delayed,3
KU,Expected,4
LA,Expected,47
LA,Boarding,1
LA,Arrived,1
LA,Delayed,9
LA,Canceled,8
LH,Departed,6
LH,Delayed,7
LH,Expected,40
LH,Canceled,1
LH,Arrived,7
LH,Boarding,6
LH,GateClosed,1
LM,Expected,4
LO,Expected,6
LO,CheckIn,1
LO,Departed,1
LS,Departed,1
LS,Expected,24
LX,Expected,19
LX,Boarding,4
LX,Delayed,5
LX,Departed,4
LX,Arrived,5
LY,Expected,4
ME,Arrived,3
ME,Boarding,2
ME,Expected,4
MF,Arrived,1
MF,Boarding,1
MF,Expected,7
MH,Expected,31
MH,Boarding,2
MH,Departed,5
MH,Arrived,2
MH,Canceled,4
MH,Delayed,8
MK,Canceled,3
MK,Expected,3
MS,Expected,16
MS,Arrived,3
MS,Boarding,3
MS,Departed,2
MU,Expected,13
NE,Expected,1
NE,Delayed,1
NH,Expected,22
NH,Boarding,1
NP,Expected,1
NP,CheckIn,1
NT,Boarding,1
NT,Expected,28
NT,Arrived,4
NT,Departed,1
NT,CheckIn,1
NZ,Expected,12
NZ,Departed,2
NZ,Arrived,3
NZ,Boarding,3
OD,Expected,4
OO,Expected,1
OS,Arrived,8
OS,Boarding,8
OS,Expected,15
OS,Departed,5
OS,Delayed,1
OS,CheckIn,1
OS,GateClosed,1
OU,Expected,7
OU,Arrived,1
OV,Expected,1
OV,CheckIn,1
OZ,Expected,2
OZ,Unknown,1
P4,Expected,2
PC,Expected,5
PK,Expected,11
PK,Departed,2
PK,Arrived,2
PK,Boarding,1
PK,CheckIn,1
PM,Arrived,2
PM,Boarding,2
PM,Expected,10
Q4,Arrived,1
QF,Departed,2
QF,Expected,17
QF,Delayed,9
QF,Canceled,2
QF,Arrived,1
QF,Boarding,1
QP,Expected,4
QR,Expected,113
QR,CheckIn,1
QR,Departed,11
QR,Canceled,19
QR,Delayed,50
QR,Arrived,11
QR,Boarding,7
QR,GateClosed,2
RJ,Expected,13
RJ,Arrived,1
RK,Expected,2
RR,Departed,2
RR,Arrived,2
RR,Expected,2
,CheckIn,1
RX,Expected,2
RX,Departed,1
S4,Expected,8
S4,Departed,1
SD,Canceled,2
SD,Expected,1
SD,Boarding,1
SD,Arrived,1
SD,Departed,1
SK,Expected,25
SK,Arrived,4
SK,Delayed,5
SK,Departed,7
SK,Boarding,1
SM,Expected,2
SM,Arrived,1
SM,Departed,1
SN,Arrived,5
SN,Boarding,4
SN,Expected,12
SN,Departed,3
SN,Delayed,1
SQ,Expected,26
SQ,Departed,5
SQ,Delayed,1
SQ,Arrived,1
SQ,Boarding,3
SV,Arrived,15
SV,Departed,10
SV,Expected,123
SV,GateClosed,2
SV,CheckIn,8
SV,Boarding,2
TB,Expected,5
TG,Arrived,2
TG,Boarding,1
TG,GateClosed,1
TG,Expected,5
TG,Departed,1
TK,Expected,14
TK,Departed,2
TK,Arrived,1
TK,Boarding,1
TK,Delayed,1
TO,Expected,2
TP,Expected,28
TP,Departed,4
TP,Delayed,4
TP,Arrived,3
TP,Boarding,2
TR,Expected,2
U2,Expected,38
U2,Arrived,3
U2,Boarding,2
U2,Departed,2
U2,Delayed,2
U8,Expected,3
UA,Expected,46
UA,Departed,10
UA,Arrived,10
UA,Boarding,9
UA,Unknown,2
UA,GateClosed,1
UA,Delayed,9
UL,Arrived,3
UL,Expected,8
UL,Departed,2
UL,Boarding,2
UL,GateClosed,1
UL,Delayed,1
UU,Canceled,2
UU,Expected,2
UX,Expected,12
UX,Boarding,3
UX,Arrived,3
V7,Expected,4
VA,Expected,11
VL,Canceled,1
VL,Delayed,2
VL,Expected,3
VN,Departed,2
VN,Expected,5
VS,Departed,15
VS,Arrived,9
VS,Expected,67
VS,GateClosed,1
VS,Delayed,5
VS,Boarding,4
VS,Canceled,4
VY,Expected,31
VY,Departed,3
VY,Boarding,1
VY,Arrived,1
W4,Expected,6
W6,Expected,7
W6,Boarding,1
WB,Expected,9
WS,Boarding,1
WS,Arrived,2
WS,Expected,8
WS,Canceled,1
WS,Delayed,1
WY,Expected,4
WY,Arrived,1
WY,Departed,1
X4,Unknown,16
X4,Expected,14
XY,Expected,43
XY,Arrived,8
XY,Departed,5
XY,Boarding,2
XY,CheckIn,3
XY,Approaching,1
XY,Canceled,2
XY,Delayed,1
XY,GateClosed,1
ZH,Expected,2
ZN,Arrived,3
ZN,Departed,2
ZN,Expected,27
