flight_number,aircraft,origin_airport,destination_airport,actual_departure
XY 683,Airbus A321-200 (Sharklets),,,2026-06-27 19:40Z
SD 221,Airbus A320,,,2026-06-27 17:30Z
MH 9890,Airbus A319,,,2026-06-27 17:25Z
BA 1338,Airbus A319,,,2026-06-27 17:25Z
JL 6513,Airbus A319,,,2026-06-27 17:25Z
IB 3713,Airbus A319,,,2026-06-27 17:25Z
CX 7243,Airbus A319,,,2026-06-27 17:25Z
LA 5513,Airbus A319,,,2026-06-27 17:25Z
BA 894,Airbus A320 NEO,,,2026-06-27 17:00Z
AA 6738,Airbus A320 NEO,,,2026-06-27 17:00Z
JL 7827,Airbus A320 NEO,,,2026-06-27 17:00Z
G3 5097,Airbus A220-300,,,2026-06-27 16:35Z
DL 8619,Airbus A220-300,,,2026-06-27 16:35Z
AM 6045,Airbus A220-300,,,2026-06-27 16:35Z
VS 6657,Airbus A220-300,,,2026-06-27 16:35Z
UU 8281,Airbus A220-300,,,2026-06-27 16:35Z
AF 1281,Airbus A220-300,,,2026-06-27 16:35Z
MK 9417,Airbus A220-300,,,2026-06-27 16:35Z
KQ 3081,Airbus A220-300,,,2026-06-27 16:35Z
LA 5501,Airbus A321 NEO,,,2026-06-27 16:25Z
QR 6019,Airbus A321 NEO,,,2026-06-27 16:25Z
AT 5230,Airbus A321 NEO,,,2026-06-27 16:25Z
AY 5923,Airbus A321 NEO,,,2026-06-27 16:25Z
BA 1490,Airbus A321 NEO,,,2026-06-27 16:25Z
AA 6709,Airbus A321 NEO,,,2026-06-27 16:25Z
JL 7787,Airbus A321 NEO,,,2026-06-27 16:25Z
AY 5999,Boeing 787-8,,,2026-06-27 16:05Z
IB 3533,Boeing 787-8,,,2026-06-27 16:05Z
EI 8799,Boeing 787-8,,,2026-06-27 16:05Z
AA 6922,Boeing 787-8,,,2026-06-27 16:05Z
BA 99,Boeing 787-8,,,2026-06-27 16:05Z
AS 5309,Airbus A319,,,2026-06-27 15:55Z
B6 6254,Airbus A319,,,2026-06-27 15:55Z
QR 9784,Airbus A320,,,2026-06-27 15:55Z
AA 7156,Airbus A319,,,2026-06-27 15:55Z
AA 7171,Airbus A320,,,2026-06-27 15:55Z
CX 7116,Airbus A319,,,2026-06-27 15:55Z
BA 542,Airbus A320,,,2026-06-27 15:55Z
BA 388,Airbus A319,,,2026-06-27 15:55Z
BA 1402,Airbus A319,,,2026-06-27 15:45Z
QR 8310,Airbus A319,,,2026-06-27 15:45Z
AA 7140,Airbus A319,,,2026-06-27 15:45Z
LA 5489,Airbus A319,,,2026-06-27 15:45Z
EI 8402,Airbus A319,,,2026-06-27 15:45Z
3F 878,Airbus A321,,,2026-06-27 15:40Z
AA 7128,Airbus A321 NEO,,,2026-06-27 15:15Z
BA 1370,Airbus A321 NEO,,,2026-06-27 15:15Z
JL 7795,Airbus A321 NEO,,,2026-06-27 15:15Z
BA 308,Airbus A319,,,2026-06-27 14:45Z
BA 776,Airbus A320,,,2026-06-27 14:45Z
AA 7115,Airbus A320,,,2026-06-27 14:45Z
CX 7104,Airbus A320,,,2026-06-27 14:45Z
AY 5926,Airbus A320,,,2026-06-27 14:45Z
QR 8308,Airbus A320,,,2026-06-27 14:45Z
AA 7213,Airbus A319,,,2026-06-27 14:45Z
MH 9668,Airbus A319,,,2026-06-27 14:45Z
AA 6607,Airbus A320 NEO,,,2026-06-27 14:30Z
LA 5505,Airbus A320 NEO,,,2026-06-27 14:30Z
B6 6302,Airbus A320 NEO,,,2026-06-27 14:30Z
QR 6285,Airbus A320 NEO,,,2026-06-27 14:30Z
BA 362,Airbus A320 NEO,,,2026-06-27 14:30Z
IB 3614,Airbus A380-800,,,2026-06-27 14:05Z
AA 6984,Airbus A380-800,,,2026-06-27 14:05Z
EI 8969,Airbus A380-800,,,2026-06-27 14:05Z
AS 5291,Airbus A380-800,,,2026-06-27 14:05Z
AY 5459,Airbus A380-800,,,2026-06-27 14:05Z
BA 269,Airbus A380-800,,,2026-06-27 14:05Z
BA 462,Airbus A320,,,2026-06-27 13:40Z
AA 6806,Airbus A320,,,2026-06-27 13:40Z
IB 3647,Airbus A320,,,2026-06-27 13:40Z
BA 332,Airbus A320,,,2026-06-27 13:25Z
QR 9730,Airbus A320,,,2026-06-27 13:25Z
AA 6747,Airbus A320,,,2026-06-27 13:25Z
JL 7831,Airbus A319,,,2026-06-27 13:05Z
AA 6878,Airbus A319,,,2026-06-27 13:05Z
BA 788,Airbus A319,,,2026-06-27 13:05Z
BA 854,Airbus A320,,,2026-06-27 12:50Z
AA 6795,Airbus A320,,,2026-06-27 12:50Z
AA 6707,Airbus A320,,,2026-06-27 12:45Z
BA 874,Airbus A320,,,2026-06-27 12:45Z
JL 7829,Airbus A320,,,2026-06-27 12:45Z
QR 5957,Airbus A320,,,2026-06-27 12:00Z
EI 8330,Airbus A320,,,2026-06-27 12:00Z
AA 6764,Airbus A320,,,2026-06-27 12:00Z
BA 830,Airbus A320,,,2026-06-27 12:00Z
AA 6756,Airbus A320,,,2026-06-27 11:55Z
AA 6686,Airbus A320 NEO,,,2026-06-27 11:55Z
BA 606,Airbus A320 NEO,,,2026-06-27 11:55Z
QR 5962,Airbus A320,,,2026-06-27 11:55Z
BA 888,Airbus A320,,,2026-06-27 11:55Z
BA 556,Airbus A319,,,2026-06-27 11:50Z
AA 7177,Airbus A319,,,2026-06-27 11:50Z
BA 1538,Boeing 787-9,,,2026-06-27 11:30Z
AY 3867,Boeing 787-9,,,2026-06-27 11:30Z
MH 9535,Boeing 787-9,,,2026-06-27 11:30Z
IB 4673,Boeing 787-9,,,2026-06-27 11:30Z
AA 737,Boeing 787-9,,,2026-06-27 11:30Z
BA 512,Airbus A320 NEO,,,2026-06-27 10:55Z
QR 6216,Airbus A320 NEO,,,2026-06-27 10:55Z
DL 8282,Airbus A220-300,,,2026-06-27 10:30Z
KQ 3903,Airbus A220-300,,,2026-06-27 10:30Z
BA 634,Airbus A320 NEO,,,2026-06-27 10:30Z
AM 5816,Airbus A220-300,,,2026-06-27 10:30Z
LH 4227,Airbus A320 NEO,,,2026-06-27 10:30Z
AA 6748,Airbus A320 NEO,,,2026-06-27 10:30Z
GL 1271,Bombardier Dash 8 Q200 / DHC-8-200,,,2026-06-27 10:30Z
MK 9511,Airbus A220-300,,,2026-06-27 10:30Z
AF 1581,Airbus A220-300,,,2026-06-27 10:30Z
JL 7721,Airbus A320 NEO,,,2026-06-27 10:30Z
UU 8581,Airbus A220-300,,,2026-06-27 10:30Z
VL 905,Airbus A320 NEO,,,2026-06-27 10:30Z
VS 6661,Airbus A220-300,,,2026-06-27 10:30Z
BA 450,Airbus A320 NEO,,,2026-06-27 10:05Z
JL 7727,Airbus A320 NEO,,,2026-06-27 10:05Z
AA 7053,Airbus A320 NEO,,,2026-06-27 10:05Z
CX 7117,Airbus A319,,,
CX 7172,Airbus A319,,,
AA 6843,Airbus A320,,,
CZ 7232,Airbus A319,,,
DL 5982,Airbus A350-1000,,,
AA 6877,Airbus A319,,,
AA 6879,Airbus A320,,,
AA 6907,Boeing 777-300ER Passenger,,,
EI 8331,Airbus A320,,,
AA 7042,Airbus A320 (sharklets),,,
EI 8403,Airbus A319,,,
EI 8748,Boeing 777-300ER Passenger,,,
AA 7054,Airbus A320 NEO,,,
AA 7102,Airbus A320 NEO,,,
G3 5092,Airbus A220-300,,,
AA 7189,Airbus A320,,,
AA 7221,Airbus A320,,,
IB 3506,Boeing 777-300ER Passenger,,,
BA 875,Airbus A320,,,
AF 1280,Airbus A220-300,,,
AF 9652,Airbus A350-1000,,,
IB 3648,Airbus A320,,,
IB 3675,Airbus A320,,,
AM 6020,Airbus A220-300,,,
IB 3800,Airbus A320,,,
IB 3805,Airbus A321 NEO,,,
IB 3848,Airbus A320,,,
IB 3912,Airbus A320 (sharklets),,,
AS 5270,Boeing 777-300ER Passenger,,,
JL 6502,Airbus A320,,,
AT 5223,Airbus A320,,,
JL 6534,Airbus A320,,,
JL 6540,Airbus A320,,,
JL 6544,Airbus A320,,,
JL 7152,Airbus A320,,,
JL 7162,Airbus A320,,,
JL 7716,Airbus A320,,,
AY 5448,Boeing 777-300ER Passenger,,,
AY 5927,Airbus A320,,,
AY 5968,Airbus A320,,,
BA 1339,Airbus A319,,,
JL 7822,Airbus A320,,,
BA 1371,Airbus A321 NEO,,,
JL 7828,Airbus A320 NEO,,,
BA 1403,Airbus A319,,,
BA 1443,Airbus A320,,,
KL 4823,Airbus A350-1000,,,
BA 1491,Airbus A321 NEO,,,
BA 309,Airbus A319,,,
BA 333,Airbus A320,,,
KQ 4067,Airbus A320,,,
BA 363,Airbus A320 NEO,,,
LA 5490,Airbus A319,,,
LA 5496,Airbus A320,,,
BA 389,Airbus A319,,,
BA 425,Airbus A320,,,
LA 5506,Airbus A320 NEO,,,
BA 451,Airbus A320 NEO,,,
LA 5518,Airbus A320,,,
BA 463,Airbus A320,,,
BA 469,Airbus A320 (sharklets),,,
BA 48,Boeing 777-300ER Passenger,,,
MH 9717,Airbus A319,,,
BA 513,Airbus A320 NEO,,,
MK 9410,Airbus A220-300,,,
BA 543,Airbus A320,,,
BA 557,Airbus A319,,,
QF 3516,Airbus A320,,,
QF 3518,Airbus A320,,,
QR 5865,Airbus A320 (sharklets),,,
QR 5876,Airbus A320 NEO,,,
BA 607,Airbus A320 NEO,,,
BA 615,Airbus A320,,,
KQ 3058,Airbus A220-300,,,
BA 635,Airbus A320 NEO,,,
BA 777,Airbus A320,,,
QR 6229,Airbus A320 NEO,,,
QR 6264,Airbus A319,,,
QR 6284,Airbus A320,,,
BA 789,Airbus A319,,,
BA 831,Airbus A320,,,
BA 855,Airbus A320,,,
QR 8345,Airbus A320,,,
QR 9691,Airbus A321 NEO,,,
QR 9724,Airbus A320,,,
3F 877,Airbus A321,,,
QR 9768,Airbus A320,,,
AA 6638,Airbus A320 NEO,,,
SD 220,Airbus A320,,,
BA 889,Airbus A320,,,
AA 6639,Airbus A320,,,
BA 895,Airbus A320 NEO,,,
AA 6765,Airbus A320,,,
VS 22,Airbus A350-1000,,,
VS 6656,Airbus A220-300,,,
AA 6787,Airbus A320 NEO,,,
AA 6807,Airbus A320,,,
WS 5066,Airbus A220-300,,,
XY 625,Airbus A320 NEO,,,
QR 5982,Airbus A320 NEO,,,
